Workbook

Sheet ECN Tasks - PN,MPN,Route,BOM
A1: Example time required for a 100 PN BOM to get it up in Movex
A2: Category | B2: Task | C2: AVG (Min) | E2: Comments
A3: BOM Prep | B3: Invalid MPNs | C3: 30 | D3: =SUM(C3:C7) -> 300 | E3: manual check - no tool - totally based on Quoted BOM - if an MPN is wrong it will be discovered at Procurement stage Mainly wrong packaging type selected - tubes, tray, reel, etc. Initial check done by Quote Team
B4: Search and propose correct MPNs | C4: 30 | E4: Manual check - no tool - mainly add the right packaging type to the MPNs - or add multiple packaging types like reel preferred, tube as alternative. Initial check done by Quote Team
B5: Ref Des <> QTY mismatch | C5: 0 | E5: Rely on Stargile check during upload
B6: Sanitise description of the parts (Create New Part Description) | C6: 120 | E6: Check if description fits our STD and has less than 30 characters - if not we need to use Digikey BOM Upload to populate STD description. If parts are not found at DK - manual search Octopart and Internet is done
B7: Check customer BOM against Quoted BOM Rev check, MPN, Ref Des, QTY or check new customer BOM against Movex BOM | C7: 120 | E7: Excel check - mainly to detect if any ALTERNATIVES have been added during RFQ, which at this stage are not approved by the customer. If approval needed additional delays will occur - send email to the customer and wait for approval. For new rev - Could take longer depending on BOM format, number of alternative MPNs and number of changes
A8: ECN Templates Prep & Upload | B8: Check which PN are already created in Movex | C8: 60 | D8: =SUM(C8:C21) -> 820 | E8: Checking by Alias is simpler, checking by MPN takes longer especially if there are alternatives for MPN with non-identical format.
B9: Create new PN names where needed | C9: =5*50 -> 250 | E9: Generate the list of parts that need new PN - 5min/PN assumption you create 50PN
B10: Populate Product & Procurement Group | C10: 120 | E10: manual lookup with the Proc & Prod Grp Matrix
B11: Populate Procurement Parameters | C11: 120 | E11: Template & QCW including the SRX PN column has to be sent by email to Procurement to add Procurement parameters. Can be done as a separate ECN by Procurement
B12: Populate SRX PN & SC Template | C12: 30 | E12: need SRX PN, DESC, Item STATUS, ECN NO, ECN LINE, Is New Item, Proc Group, Prod Group, Item Group, UOM, Item Template No. All Templates are done in XLSX and then need to be saved as TXT tab delimited for upload in Stargile, otherwise won't work
B13: Raise ECN Stargile for PN & SC | C13: 15 | E13: ECN1 - Create SRX PN & Stock CODE - need SRX PN, DESC, Item STATUS, ECN NO, ECN LINE
B14: Find and Populate Manufacturer No | C14: 30 | E14: manual - you have Manuf Name and need to find Manuf Code - VLOOKUP once you download all the supplier info
B15: Populate SRX MPN Template | C15: 30
B16: Raise ECN Stargile for MPN | C16: 15 | E16: ECN2 - MPN Uploads (different template) - need PN, MPN, Manufacturer (30), Manufacturer Code
B17: Populate SRX Route Template | C17: 15 | E17: need QCW or LQ to copy paste
B18: Raise ECN Stargile for Route | C18: 15 | E18: ECN3 – Routing Upload - PE needs to get from PM the batch quantity in order to load the right routings
B19: Get Operation No for each part (Split BOM SMT, TH, Mechanical, Packing) | C19: 60 | E19: manual - Depends on part description and CAD data availability
B20: Populate SRX BOM Template | C20: 30
B21: Raise ECN Stargile for BOM | C21: 30 | E21: ECN4 – BOM Upload: PN, QTY, Reference Designator, Operation Number (50-SMT, 100-TH, 160-Mechanical, 190-Packing)
A22: Final BOM Check | B22: Check Movex BOM (uploaded by ECN) against original customer BOM | C22: 30 | D22: =SUM(C22:C23) -> 60 | E22: next day once Ref Des are available - download BOM and check against customer BOM
B23: Send BOM to the customer for a final check | C23: 30 | E23: email, reply, checks
B25: Total(min) | C25: =SUM(C3:C23) -> 1180 | D25: Minutes
B26: Total(hours) | C26: =C25/60 -> 19.666667 | D26: Hours
B27: Total (days) - uninterrupted work | C27: =C26/7.5 -> 2.6222222 | D27: Days
B28: Total (days) - realistic estimation (with interruptions) | C28: =C27*1.5 -> 3.9333333 | D28: Days

Sheet PARETO
A1: Task | B1: AVG(MIN) | C1: Cumulative %
A2: Create new PN names where needed | B2: =VLOOKUP(A2,'ECN Tasks - PN,MPN,Route,BOM'!B$2:C$23,2,FALSE) -> 250 | C2: =B2/B$24 -> 0.21186441
A3: Sanitise description of the parts (Create New Part Description) | B3: =VLOOKUP(A3,'ECN Tasks - PN,MPN,Route,BOM'!B$2:C$23,2,FALSE) -> 120 | C3: =B3/B$24+C2 -> 0.31355932
A4: Check customer BOM against Quoted BOM Rev check, MPN, Ref Des, QTY or check new customer BOM against Movex BOM | B4: =VLOOKUP(A4,'ECN Tasks - PN,MPN,Route,BOM'!B$2:C$23,2,FALSE) -> 120 | C4: =B4/B$24+C3 -> 0.41525424
A5: Populate Product & Procurement Group | B5: =VLOOKUP(A5,'ECN Tasks - PN,MPN,Route,BOM'!B$2:C$23,2,FALSE) -> 120 | C5: =B5/B$24+C4 -> 0.51694915
A6: Populate Procurement Parameters | B6: =VLOOKUP(A6,'ECN Tasks - PN,MPN,Route,BOM'!B$2:C$23,2,FALSE) -> 120 | C6: =B6/B$24+C5 -> 0.61864407
A7: Check which PN are already created in Movex | B7: =VLOOKUP(A7,'ECN Tasks - PN,MPN,Route,BOM'!B$2:C$23,2,FALSE) -> 60 | C7: =B7/B$24+C6 -> 0.66949153
A8: Get Operation No for each part (Split BOM SMT, TH, Mechanical, Packing) | B8: =VLOOKUP(A8,'ECN Tasks - PN,MPN,Route,BOM'!B$2:C$23,2,FALSE) -> 60 | C8: =B8/B$24+C7 -> 0.72033898
A9: Invalid MPNs | B9: =VLOOKUP(A9,'ECN Tasks - PN,MPN,Route,BOM'!B$2:C$23,2,FALSE) -> 30 | C9: =B9/B$24+C8 -> 0.74576271
A10: Search and propose correct MPNs | B10: =VLOOKUP(A10,'ECN Tasks - PN,MPN,Route,BOM'!B$2:C$23,2,FALSE) -> 30 | C10: =B10/B$24+C9 -> 0.77118644
A11: Populate SRX PN & SC Template | B11: =VLOOKUP(A11,'ECN Tasks - PN,MPN,Route,BOM'!B$2:C$23,2,FALSE) -> 30 | C11: =B11/B$24+C10 -> 0.79661017
A12: Find and Populate Manufacturer No | B12: =VLOOKUP(A12,'ECN Tasks - PN,MPN,Route,BOM'!B$2:C$23,2,FALSE) -> 30 | C12: =B12/B$24+C11 -> 0.8220339
A13: Populate SRX MPN Template | B13: =VLOOKUP(A13,'ECN Tasks - PN,MPN,Route,BOM'!B$2:C$23,2,FALSE) -> 30 | C13: =B13/B$24+C12 -> 0.84745763
A14: Populate SRX BOM Template | B14: =VLOOKUP(A14,'ECN Tasks - PN,MPN,Route,BOM'!B$2:C$23,2,FALSE) -> 30 | C14: =B14/B$24+C13 -> 0.87288136
... A22: Ref Des <> QTY mismatch | B22: =VLOOKUP(A22,'ECN Tasks - PN,MPN,Route,BOM'!B$2:C$23,2,FALSE) -> 0 | C22: =B22/B$24+C21 -> 1
A24: Total | B24: =SUM(B2:B22) -> 1180
